Strategy,ExecutionTimeMs
"Default Join",32.61500000000000000000000000000000000000
"Nested Loop Join",36.15600000000000000000000000000000000000
"Hash Join (BNL)",34.20000000000000000000000000000000000000
"Merge Join",31.61900000000000000000000000000000000000
